Aggression,Television,Computer_Games,Sibling_Aggression,Diet,Parenting_Style
0.374160430640457,0.172670536041966,0.141906686312197,-0.328216369799206,-0.110302848529567,-0.27903391265838
0.771153401696602,-0.032871842428224,0.70991822158973,0.576836666584888,-0.022990299436356,-1.24816654381935
-0.09772757675295,-0.074460205494721,-0.390140556361705,-0.217184051790135,0.280300500733838,-0.328062974471144
0.015935308317235,-0.004426631430256,-0.408080359578329,0.046223254475244,-0.263479227693543,-1.00511930778355
-0.275384590127613,-0.675238689863032,-0.277777805092463,-0.891045376926662,0.226581391463754,0.489477816099021
0.157853298602792,0.202480135088309,0.321508290608204,-0.153712620137455,-0.36863818544968,-1.74098228316479
0.126216995343004,0.18666420145742,0.306265932281243,0.511782214930393,-0.660966053512811,0.092294378922477
0.005930436400325,0.050043659651865,-0.104918245054577,0.113053752262112,0.003154170124247,-0.217873889806761
-0.205587339804103,-0.430480030319736,0.002303511474313,0.23494285505974,0.387017758394137,0.112905391281834
-0.330111366765665,-0.320388868445207,-0.678358880698906,-0.08567528698899,-0.413757863402133,-1.79479668686356
0.326583509868008,-0.045417572851243,-0.663355089578371,0.162885491506488,-0.302357319028707,-0.375942491969869
-0.507211076793871,-0.324855052596193,0.059284963589714,0.48017646276682,-0.105312880039642,-1.4249264512727
-0.370690241613424,0.365468211811675,0.086223965103899,0.154281713657063,0.274531772105718,0.427441086457531
0.076707338111836,0.208148071214526,-0.06004737930758,0.284757667985346,0.047571272197176,0.216801809304733
-0.47226961093975,-0.228085493746693,-0.026757150513699,-0.408294870938039,-0.273550112172267,-1.74701514725971
0.143117232416471,-0.003607795702047,0.006891435699304,0.16255943006253,-0.079047639085499,0.410699041995798
-0.085387754771862,-0.06935938694592,0.03906655570405,0.003516653693454,0.173903536466716,0.01883278312942
-0.174443280346361,-0.62570538454386,-0.051201692441963,-0.488073328135606,0.664170935417362,0.170665668848647
0.037817772847129,-0.330934279694471,-0.574835142635917,-0.346178524638039,-0.252276813855622,-0.566230888787691
0.29069501081848,0.316085564863947,0.205046481091647,-0.064465448562207,0.385260096843416,2.28142777850715
-0.143227998117386,-0.004008483581589,0.362643308655133,-0.040392234974033,-0.861475985294219,1.59329493999608
-0.024113715792756,-0.060912765038962,-0.163574334656423,-0.215641031081645,0.588357182361301,-0.356909731419503
-0.264952762247249,-0.594214506301431,0.055180426964126,-0.080112963634124,-0.743845250910592,-1.17518705433899
0.126283603212263,-0.146685493330184,-0.352619047957905,-0.125049553812484,-0.269296920737942,-1.25524467250859
0.078627547545935,-0.116858151392571,-0.134426586495877,0.116976688335249,-0.025600582009054,-0.665801094904742
-0.044050358813378,0.122263443865868,0.028838886886487,0.0547118145901,-0.002122346460014,-0.139420934382667
-0.092938468654596,-0.227178936050029,-0.011624215554552,0.174299573341983,0.441912426820447,-0.618788875208602
-0.032169465041945,-0.087052090491335,-0.434281507593285,0.002395803866791,0.061211168336795,-0.757257511869412
-0.500159681465743,0.402571966086146,-0.464858682060267,0.335033890126824,-0.221184732732732,-0.984001601706646
-0.091887816986147,0.421984273127383,0.467093293713198,0.009168697617976,0.634781537310704,0.652721938971479
0.082252843820342,0.416658895941533,0.626688309511699,0.788495571179995,0.698553070197666,0.556350009914116
-0.08481464172498,-0.007088927914359,-0.098069178641269,-0.099492208440537,-0.030371233446542,0.462186510034222
-0.596764441674122,-0.271368783365378,-0.12352214790112,-0.295980974808729,-0.31880351125614,-0.86279962898958
-0.496285889847364,0.295420876599562,-0.358081497079451,-0.025923199115711,-0.030114016709783,0.640050258262312
-0.366327356388393,0.146156742548345,0.258938229881331,-0.041593550617208,0.056721207025104,0.311211935786758
-0.55133693248641,0.42441087769519,-0.288129701100921,0.169796309872807,0.024559213938802,0.722277518613212
0.070048179456406,-0.546004259499594,-0.488644959505234,-0.480355333962248,0.308218098994793,-1.87518089456083
0.214967804772921,-0.034122874459892,-0.219880722286629,0.002890748537853,-0.032302820514116,-0.235725879759506
0.048676225936571,0.364314570024083,0.889436205630883,0.258482327684074,0.667644857713805,0.336121500267645
-0.002520055253325,-0.193834264956988,-1.15383454794656,0.557152131145718,-0.114977164101709,1.41545226548169
0.079223039850363,0.064641427907516,-0.024862451880604,0.03204959788817,-0.042425843209579,0.001803915200602
-0.018246313414,0.24567300299536,-0.066563324157466,-0.77428898942705,-0.343485632642458,0.290157002105891
0.391874573079139,0.214869638435722,-0.087904845442168,-0.253869136386524,-0.033601598601922,1.57357474839708
0.132266424323045,0.102352899872403,0.244448336415508,0.114770945926188,-0.158386332923828,0.557871838425597
-0.930983924881745,-0.146957301295069,0.585038321289437,0.14391412333136,0.134156742344338,-1.04709605638174
-0.034006707959711,0.216567592705492,0.199412357910492,-0.023275369161268,-0.183611006557976,-0.587035611279508
0.843769635973726,-0.533371870136384,0.626742914394063,0.006193792203602,-0.054253097362419,0.238657822253613
0.00053528687332,-0.339253543966216,0.023374747653693,-0.758460597476687,-0.468834415407907,-0.238927489276356
-0.33754139624333,0.109786684626528,-0.009605825634499,-0.263130010226138,-0.047943470763262,0.836876893777497
0.175327967240641,0.253614224646118,0.610036201291486,0.140173594874447,0.135416628889472,0.338680470966406
-0.13237440813711,-0.19993590500918,-0.304095731991049,-0.686982299603556,0.163167943868188,-1.21735492046534
0.231111801834549,-0.00919916427641,-0.234552232105728,0.122941564127463,-0.574558702977444,-0.117103756679589
0.055864143275228,0.060614648596112,0.000883950982034,0.015501376920197,0.005110068701313,0.181854041210223
0.137465803531097,-0.17240202373905,0.679442352658351,0.640296307147305,0.66441856324333,1.32834139741449
-0.028548672180445,0.096450433842006,0.32205007782769,-0.017587350641317,0.068360614118684,-0.970088191177132
-0.580506186586699,-0.046475714010573,0.080262005221069,0.053234100819413,0.171280462817502,-0.110027645884912
0.033163517485452,-0.171157513459317,0.282151199321663,0.285991452863614,0.298198204592555,-0.745161060875234
0.196358974145856,0.045946574108345,0.255905606503105,-0.184855858415833,-0.109122089657018,0.314419448978201
0.711838935701628,-0.258768954401981,1.07627412377195,-0.565473724902117,0.371900839620046,2.4579127607346
0.167736961652827,0.058543881480191,-0.090884324552738,0.090107988251879,-0.20875919735551,-0.29362849464517
-0.042902848605157,0.209903821447436,-0.412083439070126,-0.499903413476464,-0.135187131529955,-0.642740930221712
0.365416259861044,-0.066467282755676,-0.016146517279148,0.462467635229715,-0.437494774388059,1.83773779389392
-0.185516502954148,0.103355324532136,0.031567007620277,-0.006803975785703,0.146937097501541,0.314569865387858
-0.120362662915108,-0.13262941264376,0.085532818698049,0.193974016279337,0.110853959826398,0.014006004063471
0.401019925513995,0.215305268061175,-0.121887670341354,0.051445443998205,-0.87880235002104,0.630669671630721
-0.147783119666297,0.225271436773299,-0.071795133371657,0.310712729337464,0.19183722745845,-0.863194011366742
0.053315020826042,0.031720186432462,-0.080788666386837,0.219309085858251,0.121433140330345,0.41267286610185
0.091209653895632,-0.049289246442101,0.150930713895399,-0.554679675826701,-0.271071291680999,0.12130989465171
-0.032603139321665,-0.057410524412181,0.137291479388064,0.005641184345488,0.015316225177632,0.061933157917243
-0.180240043730608,0.1941192604158,-0.123172777405071,-0.005800901116944,0.017404803495938,0.046567452725291
-0.86042365161928,-0.327349956935234,-0.102285242978513,0.088454409877732,0.340347191537251,-0.698896521519617
-0.312001604812201,-0.72738987566498,-0.839775668901313,-0.122559748000694,0.810783171842994,-0.971537105888772
-0.099777522040338,-0.259672675768152,-0.070875429120946,-0.039823088219697,-0.022027905423803,-0.450559239648805
0.068520530215272,0.543894629927799,-0.946631050863494,-0.596062308128378,-0.23195521807889,-0.858739861435728
0.737470744099145,0.051045383144147,0.068042606393912,0.742478946032375,0.360752928214791,0.924319706327507
-0.635270153364152,-0.8334474946606,-0.876081771616576,-0.628569896375283,0.113691664850653,-2.13416933077797
0.034479477078818,-0.155815637962292,0.184737737981368,0.241134891535354,0.373487344189892,0.770014678723951
0.059317116537777,-0.453724291679738,-0.210048197254865,-0.224633270465838,-0.019402138289364,-1.15519307501289
0.160714012922559,0.422143410966498,-0.15525872294978,0.490784685685529,1.185019509823,1.78084550279416
-0.27671394419591,0.019459773317883,0.021994427914397,0.513749156978943,0.049368758690878,-0.595901596851222
0.146925251408439,0.016667777668851,-0.243496039993295,0.142856911415231,0.21260192966937,0.200520186499469
-0.081752780521444,0.080052725248588,-0.520620460573564,0.00706766459547,0.413709689448449,1.66796938605824
-0.329312914812509,-0.097105631248748,-0.200268794210629,-0.02829051163702,0.337127685542246,-0.474099941034097
0.038230830265138,0.005568093521182,0.035363556111764,0.021654380553338,-0.03361574612653,0.126948363858588
0.11337545516354,-0.108870701162048,0.235871160105047,-0.014496257049541,-0.063062629498655,0.362021875313666
-0.005727083830012,0.038688125617336,0.199708421991515,-0.559272937017191,0.034474217414502,0.409820779759811
0.388508214791758,0.155213658163512,-0.121696123282345,-0.156869317940705,-0.402043534849695,0.446937629633962
0.618846721888197,-0.430275218701763,-0.0891314753471,-0.10757095987356,-0.775469717096895,0.298325941731423
0.18691301856756,-0.277097588169164,0.150113471193584,0.42716089795712,0.163607741580455,-0.68434576316309
-0.152810614113222,0.195203983209607,0.08844807038017,0.362377934137696,-0.044723641886435,0.551673341478703
-0.182230534775438,0.018861173890467,0.098710410117132,-0.013057738818843,0.258232922688884,0.104575029535543
0.273710676939514,-0.095699981616327,-0.515728375710442,-0.464073420052471,-0.131627388160732,-0.900291147804072
-0.150498018702197,-0.156055892955955,-0.001720868576396,-0.479287897437424,0.021063005804185,0.438399359119677
-0.083599569789517,0.009891165402892,0.337378247587619,-0.272453249219938,-0.081698018231563,0.061538397840468
0.190340507339984,-0.670898989286372,-0.167088172395568,-0.056244474535717,0.415996854305284,-0.26612392419049
-0.108946515306825,-0.222481838961969,0.048886081941118,0.057946290361422,-0.142341171407256,-0.424292869642386
-0.000750885210705,-0.269497711086405,-0.280737271624323,-0.011520730407898,-0.346395385123498,-0.493276224918412
-0.287821246038707,-0.962203248871294,0.344190707390522,-0.129674829020802,0.444250370477853,-1.5501450673262
0.141216784624807,0.981615109794152,-0.322187984987549,-0.184577171637732,-0.004947397702924,3.99325610649386
-0.351580122978433,0.009303389562916,-0.043059623415395,0.239746784301306,-0.072313332993276,-0.381433736962373
0.542669734623698,-0.105577964782855,0.435591264243152,0.425504600053499,-0.333646360919739,0.625363808747905
-0.28392336348272,-0.359113776006149,-0.199805241501613,-0.492785558243147,0.209714335105018,-1.47725433570321
-0.122391904973237,-0.47453028250718,-0.248523004602672,0.144186359444374,-0.619087190113125,-0.796551234275673
-0.064300324785839,0.106727081102824,-0.002923240128406,-0.022132482360371,-0.370983106030976,-0.564560038012167
0.318845552917148,-0.182116044874712,-0.748119376044785,0.016936520303618,-0.25822032234595,-0.122414028292407
0.087557951563868,-0.0112318710904,0.210853220301763,0.212548235983689,0.279765059421936,-0.045745975657802
-0.129547906270092,0.098244605597444,0.059946264309622,-0.062205186984997,-0.031591093324422,0.17885781411663
0.142685260153329,-0.083392306679532,-0.26122803325443,-0.25661818615932,0.072545357836386,0.340118656404
0.150653774806169,-0.018437464038024,0.188357102502123,0.029654142604906,0.069279705910903,0.971830766042938
0.042322473166708,-0.085987750104824,-0.000119459821612,0.125284897164777,0.046835292523749,-0.096373179525413
0.602476750054494,0.156919154076048,0.093397651242492,0.255082908410048,-0.143381549644631,1.68781180820665
-0.019428589757608,0.076658056824847,0.218549318542669,0.02845162691464,-0.018341483250617,1.66158308234726
0.003533504021656,-0.122130580207264,-0.627342000912274,0.073152925011389,-0.248705883544023,-3.80687416810798
-0.027296592452725,-0.208739075676831,0.32866249793858,0.185714574278508,-0.04468127317053,-0.001340079439413
-0.419728547784948,-0.190006930469498,-0.298980507009487,-0.206560301609711,-0.042927434164842,-0.719083446024933
-0.107099584911278,0.010833609283945,0.326328974083335,0.270638142725035,0.179994228508082,-0.602400979128756
0.196061800313642,0.279805429170594,0.29278958659221,-0.282141673154503,0.161870137957919,1.79772725789581
-0.44731796801845,-0.789930709609316,-0.405312244082423,-1.08350235225128,-0.824911247598839,-3.01378151639184
-0.231676262658937,0.074424077704281,0.010468741962279,0.010372271348305,0.349078101272474,0.970629052807585
-0.053820555104365,0.224713247988452,-0.062292086941255,0.006320584745109,-0.005863295917027,0.283858240660649
-0.106326857726984,-0.125935683244327,-0.195702238956708,-0.261195422052703,0.359432555897752,-0.245825124134849
0.042062535422405,0.092701106179457,0.068062262585467,0.216214911052594,-0.296928006431966,-0.009097178817297
0.003678423459724,-0.047188476249932,-0.196259239414873,0.283917259733855,0.112407410999961,-0.06344861061749
-0.040946749251523,0.31547730884619,0.342096419352315,0.241513123114882,0.471855124125859,0.154733428746061
0.309653787891226,0.341647129473177,0.234894675989942,-0.70924838229785,-0.232891454421304,-1.45540401064228
-0.062905219694092,-0.183431196982993,0.074374196417836,0.306068885454235,-0.107220345799445,0.382495229180569
-0.05113416775991,0.132664213294436,0.003651977322297,0.030088184518112,0.064817171197853,0.170947479926706
0.11595870426935,0.72905658679041,-0.207786652591842,-0.352157939045358,0.668204184829469,2.98210307433074
0.098270623800258,0.288710290235455,0.056256507175242,-0.35544233593642,-0.23307710443626,0.953372544365498
-0.086289942385249,0.500918447124844,-0.096246402890246,0.18748356017278,0.277793545310596,1.51540596865306
-0.077924009472776,0.071518941790795,-0.21788794638885,-0.215614164886512,0.082887519905489,0.313746546536665
-0.08220701586325,0.016337589416313,-0.085904992346739,-0.257434193619177,-0.19972032502366,-0.580781592580841
0.092227911202805,0.091231371768364,-0.243767390486235,0.167673461781794,-0.198177039011744,0.602409365631336
-0.009985708009177,0.367989410353242,-0.170444679048297,0.359301770906222,0.063880958164341,1.53338229897819
-0.026361840635307,0.039232655070783,-0.571279127973666,-0.595881062007982,0.052662938301536,-0.726034808751565
0.312264194128555,0.366376205471479,0.046352453280861,0.139059089450932,0.255272167117148,1.43784924516964
-0.388085736313914,0.144809702630439,-0.407532574929137,0.896562241213393,-0.32794204681216,0.197070648114019
0.164306586023852,-0.27066286968044,-0.084593242013253,-0.325612921880907,-0.043800167459943,-0.667384217410104
-0.410965474490164,0.275019418270042,-0.514951015062659,-0.161167580029403,-0.723232920763723,-1.05838992279187
0.152785486811961,-0.276570435194999,-0.355752305934451,0.107085650735577,-0.320219010946594,-0.190814583088924
-0.074687306911631,-0.04458933646094,-0.038391031162514,-0.025122071991239,-0.02643478202685,-0.022343898085196
0.078615045726491,0.222056521940603,-0.072220574488588,0.257360280082589,0.360175161071636,1.36805374531147
0.17005473575766,0.250792258291872,-0.080001767006811,-0.204510153603143,-0.701442185390535,1.17135895518013
0.638306722010036,-0.273690932598882,0.853227363585557,0.139365173771295,0.452856359455735,0.454940271386203
-0.299695310829474,-0.152559242676236,-0.224469987412166,0.122851006010777,-0.077954935410403,-0.955544217551784
0.013381422846832,-0.085976460664886,0.012091210437014,-0.014709210489357,-0.01705953787932,0.067016160850891
-0.002824621291279,-0.059671590430852,-0.103787092469458,-0.066790470044393,0.032330068295604,0.352313230220983
0.372338340549066,0.230494696445564,0.18784002202039,0.594962389215433,0.389940870872969,0.784384566866294
0.088750174218409,0.24758929852341,0.018731633262639,0.191753698184023,0.333905885746245,2.0555113336728
0.615827955927742,-0.179452544300095,-0.143816347718122,0.337002793035664,-0.599252452409424,-1.0334894316534
-0.140382466216855,-0.257086911978337,-0.28920248731132,-0.150435335862708,0.073268137644185,-0.364736078654916
-0.114837748743056,0.018484968923435,0.434567222000892,-0.374628827911546,0.208933308137772,-0.022485663047405
0.00198167071709,0.088684164251328,0.071369878659446,-0.063633471514817,0.295971728762516,0.819620152256611
-0.070231593430865,-0.090569228989461,-0.068605220319119,-0.107411618675818,-0.183423730490238,-0.260307988693017
0.687454033748474,0.443846317154165,0.173526427939281,0.435501102375892,0.698940691904523,1.67441704907857
-0.123281133625269,0.17034870207112,-0.086580152667867,-0.054169013518808,0.002164500396298,0.340663680286432
1.12746608019465,-0.068345880851453,-0.080327722747985,-0.607667712014138,-0.513091300726728,-0.65106440389778
0.174385258757113,0.435610223271665,0.170948739402542,0.250295068103582,-0.366635433719565,0.88666303881077
0.050546667054357,0.526648007819445,0.26563556598334,-0.125975911668993,0.644987238195904,0.432132910771851
-0.354499636252612,-0.348941584383576,-0.113632754409289,0.078228583837456,-0.05315279882723,-0.864296470968345
-0.119752345420169,-0.023897251570211,0.168261882330723,-0.059591242489697,0.108319294366336,0.505489647559783
-0.1268627250377,-0.326228278403786,-0.104465113551392,-0.127771650427633,-0.024528843466203,-0.298973588420913
-0.681893477893982,-0.002928772173302,0.424853890074573,0.241091605862291,1.22383019956642,0.299335344864152
0.395179773065772,0.215675191864894,-0.037266545796055,0.327190497234328,0.077017636208406,-0.303422287331958
-0.024352251442755,0.076913773770842,0.056602183985239,0.098308390427704,-0.236259809221215,-0.358197120378408
-0.41107757299876,-0.093355784859001,0.292482053663836,0.06163957665948,0.472763250284251,0.278036467372096
-0.245240316458338,-0.601250859116475,-0.848125923525426,0.041738013853952,-0.567616878145056,-1.16298235451742
0.070960847996417,0.14674227227799,0.000421168734383,-0.14795751887357,-0.057350927445225,0.591597796310802
0.851636728569285,0.079240116005818,-0.925751029352095,0.737122830976294,0.02956872536917,-0.754698925070827
-0.061397979016328,-0.515417969376307,0.684121737315666,-0.172426573119441,0.047302397178793,-0.084582734324916
-0.217147605623955,0.107992795617499,-0.118521697771667,-0.084789458262547,0.01348767024917,0.414673154962316
0.036674541405406,0.117693930544757,0.626125555869184,-0.041088723438885,-0.511157107525281,0.098919459128969
0.329481959531,-0.80447799571723,-0.421282381131615,-0.218384279959771,-0.198614727778452,-1.16030619213094
-0.089804668363919,0.350918692530116,0.322293919345935,0.288254432563571,-0.077838887579277,0.329505143845022
-0.005619727180106,0.271144646318247,0.651422260490808,-1.0806176362991,0.328617998172661,2.88966816917438
0.048643487039334,-0.028638536060462,-0.053847799349516,0.007749531285384,0.039213483796828,-0.003980389702043
0.178044875715111,0.204618933412053,-0.297512318311073,-0.024904973942252,0.305190649835059,1.45707702144722
0.393419754332786,0.039248862718444,0.183543781945402,0.043286372951802,0.289205550156401,2.1414927187044
-0.004789167001262,0.588861575172973,0.230178565323667,0.765274314445032,0.45670634641929,1.14760850220875
0.026205590072049,-0.046283781965157,-0.135462212741559,0.115310342106629,-0.04701753736672,-0.109795035529538
-0.232259817918248,0.334074044675565,0.162376959283315,0.321845669190144,0.326613424008325,2.03161248824989
0.806939850103443,0.143652037091957,1.24081480822969,1.10367128750231,0.792906010729926,-0.021340796198826
0.146382214929463,-0.133487927455734,0.178206114710484,-0.001326239739426,0.033872056408003,-0.256624845568669
-0.21978255942031,-0.152708153008021,-0.085317895945289,-0.252425230189918,0.183130086249209,0.480421635604214
0.283614623956656,-0.215408518108712,-0.047892100958369,-0.101076975125639,0.113933028692155,0.144202875842502
0.174084300742359,-0.037014265520483,-0.086874982094037,0.061457737808373,0.021135548684141,-0.471127374898572
0.528315986422528,-0.337043619760032,0.314790362534089,-0.039739489221062,0.560418258480297,0.038034812046618
-0.582068076543976,-0.175623071902025,-0.057799735505557,-0.094450751222816,0.231282766805262,-2.01899848450957
0.022660501459404,-0.18058025491016,-0.192041172195015,0.097333189849539,0.591316593981124,-0.157871046863632
-0.119187356499942,0.033560603973386,-0.224421510618227,0.144666009914278,0.012938016862465,0.022731603855982
-0.064034534532756,0.152885403997699,0.097482714825764,0.036292720275519,0.167546549926919,0.262349584785759
0.095776760867215,0.108984337263199,0.140823805960847,-0.113834794126438,-0.031838909247305,0.624224428848296
-0.046667830402735,0.144715573163962,0.107985870388601,0.051018814008789,0.261478828540181,0.444787172326689
-0.147638994196187,-0.266210749732079,0.204261523554841,-0.388026846413632,-0.158772073988281,2.12287020278319
0.107174560151334,0.083304445319854,-0.051461690965939,-0.296996371658082,-0.13968988356469,0.027600111499817
0.138277149265281,0.196201592322107,0.566329514606707,0.220854103703238,0.235370163974572,-7.24383836104719E-05
-0.136421733317263,-0.408767920782157,0.127675658689398,-1.43312656515612,-0.26437228719076,-0.039467655156999
0.133284224414488,0.040006024148103,0.111523965415364,0.277858082294211,0.269898425303045,0.275773944863772
0.581048357151469,-0.736233650342486,-0.510762162664313,-0.194839408413333,-0.754119355323077,-2.84548421161665
0.748501864521228,-0.462382893708556,-0.713660414095708,0.319926030453991,0.158702201407221,-1.32651853537771
0.496970416723588,-0.221218011667093,0.621258889707345,-0.044645535463329,0.398713556914138,-0.580577157009898
-0.162978944530929,-0.029070193602211,-0.035507239267639,0.102068481898768,-0.016372560677642,-0.348095051555412
0.002002525742665,0.277144107135343,0.028722783548519,-0.148440649019497,-0.272005754904484,0.288231819781689
0.626414307269601,-0.117526088359765,-0.02104346942874,-0.128899073411837,-0.016192022952974,0.101709749760441
0.4033431541323,-0.131510910588471,-0.054890850841595,0.223481268286694,-0.269213119883427,-1.20955066553597
-0.525920984157488,0.149911284047338,0.018882787038646,0.248674183277025,-0.014221727548633,0.512572355179647
0.20817239346217,0.087912536370899,-0.220739424795754,-0.060120386261845,-0.290081699654555,-0.105336122101357
0.127599050977052,0.141853962673869,0.141971704212685,-0.195479979488328,-0.319089440797095,-0.210064976972352
-0.133994587810888,0.00704227412035,-0.053925370706278,-0.059828346331435,-0.014301566017946,0.166015520077695
0.295276600338588,-0.145119194862365,-0.040803944963619,-0.312785922579294,-0.054978261280183,1.30362166110711
-0.000320026753239,-0.414143929965248,0.375914531579151,0.083760984804083,0.4515521488799,-0.360381905911518
-0.301226903435707,0.384931119644146,0.069671794279968,0.38346597018723,0.581357640260502,1.03080254789672
-0.02033319255391,0.058460082963897,0.108574952962729,0.120892730635261,0.09098529428463,0.506053145793166
-0.467402928540607,-0.229712797975814,-0.109709059672105,-0.423317928667548,-0.241874319752573,0.033014523919451
0.101771976247637,-0.016452155337323,-0.066254654086249,-0.093453241548823,-0.079547629457344,-0.773653523933532
0.335525061319149,0.421988463236069,0.878973895895975,0.010073804193282,0.431903473396856,1.98546501150267
-1.29560842791664,-1.46012442922952,-0.999613327863942,-0.332245826607469,0.212913211505801,-4.22070037361518
0.129700972619988,-0.134957958827273,0.108048398507216,-0.477245047775925,-0.082563234385231,-0.433639236458114
-0.338274611964113,-0.651813270255738,-0.59362569164987,-0.08775686108433,-0.447102415890946,0.266653538417806
-0.193329138279231,0.245958160754078,-0.295435102668251,0.068680606734688,0.012489456789089,0.526134978059232
1.13803195091591,0.260961386611035,0.67193619707268,-0.220502202489238,-1.28490277464071,-0.97871575953081
0.194487321740242,0.153339019830933,-0.200049373993886,0.274246430669038,-0.126444441948789,-0.704579723169552
0.364544585018161,0.018607588686743,-0.122735517047192,-0.332276812339707,-0.176256859006717,0.649747231895805
-0.402527975048805,-1.06316334266428,-1.05084272728477,0.285134574195182,-0.228680812517608,-3.01430073662713
0.323613953613454,0.374700792044428,-0.025149133931052,0.323006667966225,0.432091097393886,2.1482582898097
-0.057246941448595,0.451286423943483,0.141173204837228,-0.482799540152539,0.062229260984799,1.3387161540676
0.036046551017366,-0.087869327758763,-0.235007652935762,-0.24510876116842,-0.125296467198697,-0.486935539405236
-0.195247045265384,0.066606197488845,0.196008473977387,-0.006837996630315,-0.246720936700656,-0.638614433999808
0.018744152808541,0.75620618459418,-0.397059324268089,-0.565146011268484,-0.345958217745209,0.037144058152989
-0.150507930592238,-0.420103542249266,0.125954723849397,-0.082093114461809,0.48778465715389,-0.829635722469464
0.007683728021919,-0.068186865732294,0.08830125848369,0.030219633072646,0.066254073945039,-0.234260105752184
0.657427966034317,-0.005240297133047,0.32289696478303,0.006956045655359,0.17160242806646,0.654819355240569
0.464667261467216,-0.331457362878598,0.610341942915093,0.363593135219276,0.199424487687902,0.405598813455241
0.067805015296515,-0.053581824950306,0.079057992217644,0.046371913008561,-0.123810935506879,0.046605944077928
0.414583406017266,-0.370146081173286,-0.736525994556075,-0.000684517756135,-1.00255807415214,-0.132023395129626
-0.109216732148342,-0.016376918160748,0.311951587767212,-0.215549996204307,-0.202235304314058,-1.04078277369335
-0.284931308076724,-0.593303678239873,0.16800554927048,-0.203087675503386,0.220577015602366,1.30537945204461
-0.248055757673127,-0.022783472572152,0.18147761853261,0.552695899372929,0.201714647062591,0.631333140330039
-0.274767418495881,-0.167185878774223,-0.397491871924228,-0.025868650748811,0.30994833143549,0.681293848517957
-0.196976811995664,-0.326490067857754,-0.647705187957966,-0.39234317875888,0.488667032867641,0.559835343807409
-0.377493399131025,0.019392334076506,-0.179579035057868,0.327094591928205,0.265264716236598,-1.23125030524992
0.548226447926204,-0.196864879802143,0.803041615179635,0.069103182878063,-0.444849441303631,2.63423247974978
0.34787979334648,0.271988261345152,0.155167250850045,0.217144635230379,-0.134297095016223,-1.45169566069953
0.035024294639207,-0.21867482341887,0.052867654100635,0.053519767250345,-0.182831776061038,0.355604691207146
0.018124427538748,0.014565322349596,0.024238995482517,0.061455827056018,0.090565952546919,0.505967396383398
-0.171382199155916,-0.473252482286597,-0.035660993274245,0.228856234414033,0.961181698211704,0.430398370928904
0.055839182929961,-0.115319212975541,-0.011642858502362,0.280008577428773,0.041188013399814,-0.271007490499655
-0.40354781247776,-0.314562285053108,-0.478562484579102,-0.134712838229725,-0.1812658889492,-2.11245321569804
-0.152022821810694,-0.215144562711363,-0.128457909872481,-0.359572378708361,-0.25755920949266,-0.727830048503249
0.056931407418397,-0.050930402566169,0.009150818527472,0.17674357575121,0.250583827929345,0.733646229433006
-0.070927192162982,-0.754596092657974,-0.014235373276899,-5.71640631142527E-06,0.169578183156679,-1.86162898030578
0.03818697025681,-0.024670272807064,-0.025158491129266,0.013614872162193,-0.036170663906236,0.102259283495274
0.03772334216489,0.031375594064972,0.069007974074302,0.036488507531472,0.014650568004912,0.003304766942851
0.205295048326289,0.020424642467846,0.048676833449246,0.101895621140204,0.234407889208091,0.319270958788268
-0.089063417758446,-0.771804570818237,0.077300806955991,-0.407474885978328,-0.476214937617233,-2.82428587136567
0.219125284311876,-0.661423757027356,0.819368049985817,0.353469102426755,0.124638691565589,-2.1615120656552
-0.009624849836197,-0.023588821669791,-0.176688579457485,-0.008286317348423,0.005643318576745,-0.314471342800966
-0.178401350049514,-0.315302664646421,0.40516068742607,-0.158436389220159,0.0283409220935,-0.968723116611839
0.083173429630492,0.250747119628225,0.436806163865288,0.136158900587599,0.339103130206973,0.074573628459256
-0.01959514220605,-0.011623837497328,-0.06524862190847,-0.010840415759051,-0.079616315151296,0.119033104690322
-0.347340748149745,-0.449352775543329,0.035918557375991,0.552235065176711,0.606968311589215,0.315212680572587
0.366524215327195,0.239969167575586,0.563193136654205,0.220416801282684,0.429777519960417,1.0185808647738
-0.235341491893852,0.464388872310892,-0.020049704753638,0.160576279183247,0.14095136137221,0.664956712733548
0.046792841654438,0.471795525397107,-0.089323926125173,-0.115580143979383,0.313351553033725,0.998427449827142
0.317706053428891,0.586829668575902,0.257102679964429,0.125800716091926,0.050568775712695,1.38974269773658
0.586860530967819,0.62654088062267,-0.259386382426976,0.392702864763936,0.210509655106877,-0.331684372788576
0.213609831574332,0.232078419373538,-0.75561098150218,-0.540442184080424,-0.123502380909989,0.689923601132285
0.138848849531845,0.320237305618342,0.691410474435097,0.908910923976196,0.705132245835157,-0.217433834058964
0.148691525957009,-0.153738634661594,0.302940389205681,-0.169767038068914,-0.466130994405356,-1.19635839927341
-0.732919991020819,-0.087368474350174,0.628997692532074,0.304437304430536,0.079790338918617,1.48480074399583
-0.259684964070232,-0.160200958112068,-0.011343198580082,-0.091084525509224,0.075980993509621,-0.126472408027364
0.025716868493231,0.212004955024367,0.174870728026618,0.149677664143239,0.281889321276993,0.516600226367661
-0.162771325469517,0.253393463445142,0.178101567037864,0.004278940127939,0.099988677817453,0.655684197687724
-0.018697213729407,-0.188770873450307,-0.107430899316085,-0.176985668808702,-0.136295849785403,-0.188874989568219
-0.026977991381431,-0.006671491679357,-0.038793317438552,0.026492512168139,0.024959254056151,0.014033723496322
0.047473046123502,0.084884673807298,0.303712795287166,-0.26859180532322,0.188003921627129,-0.561073445984725
-0.118016547381982,-0.027016982302127,-0.138232800497523,0.17076681687831,-0.100049114365645,0.053770656367176
-0.300302696737459,0.02735577325042,-0.884242435621709,-1.15198821463905,-0.460490720936066,-1.57300575499644
0.233030697480187,0.06170005895267,-0.042575919676428,-0.135887710546955,-0.033407454933232,0.292478863758581
-0.31243523034295,0.035919637378162,0.158741095732254,-0.022365389878663,0.132314671435697,-0.54667868941992
0.308188842063556,0.573705790512957,0.233553766576054,0.180300393684472,0.047112253986784,0.960621396124921
-0.173785496958363,0.003374683436314,0.222470532862232,0.358861128842267,0.036439837607244,0.177951086039823
0.033906989722615,-0.270610992466021,-0.078051571553879,0.160696633277364,-0.009528590434542,-0.427044497220007
-0.04380220650775,0.205579982616223,-0.11688454230423,0.563900907701484,0.31099316618258,2.06112053678625
0.081336697641536,-0.103130981924674,0.24684642215317,0.019009859418003,-0.025610329055231,-0.704119781844154
0.284007038861119,-0.172605875855697,-0.124057637065962,-0.08773664670805,-0.249761422559068,-0.777464096436091
-0.43702276174311,0.203124457692659,0.028803728540363,0.065079118389034,0.07821467561999,0.957006406569436
-0.175301575725234,-0.078623149287671,-0.190089905013404,-0.101992584486167,-0.130503362122525,0.638976819912375
0.042556662015349,0.3593352941987,0.192927326718093,0.067189409169669,0.075022604367993,0.628541000292894
-0.257217328941168,-0.322090709613917,0.246343603860483,0.126406560645243,-0.262508867056748,-1.01146860418155
0.408245193218114,-0.559588324748339,0.302310705773728,-0.07156064766693,0.454737380529193,-0.88926521666785
-0.201561284033054,0.277176159005171,0.235470898415081,0.380727065348698,-0.350975347142557,-0.084922905758971
0.182966414122546,0.183576742686284,-0.30859960889068,-0.057212029705226,-0.001266223090533,-0.253930777389479
0.149916889774868,-0.156603843299465,-0.436745843042965,0.042147060052871,0.128286740451771,-0.162693279153064
0.041082485957413,-0.128036958597622,-0.346360608467106,0.286944965431224,-0.414520157719539,-0.538415270715299
-0.021981310542501,-0.413633743230175,0.149124883994991,-0.180588448984844,-0.505403442043194,-1.16764399585804
-0.348611017693604,-0.090755109123754,-0.256468261351651,-0.256689151673052,0.113844082377029,0.018139211626106
0.766103054779312,-0.006526254228193,0.93169660279205,0.560320840963024,0.303950660729422,0.318293373724644
-0.068840026997023,-0.103591522290008,0.035815895953144,0.207055407293149,0.012988776546069,-0.757488055997904
-0.16503558034609,0.661313497082887,0.128788782263593,-0.153144364357316,0.979758557487787,0.264760237186783
-0.210651808893939,-0.649560046667357,-0.373820309358054,-0.213043597090792,-0.743109061236967,-1.60643554884123
0.020065038766338,-0.027733606203645,0.08099177881617,0.054891609685971,0.159078162950898,-0.166437323745524
0.01760117777182,0.15609893683492,0.200318896404631,-0.422030805768643,0.161559287325357,0.772609780107719
0.397320818820353,0.100703027205844,0.167928109372007,0.087153788339297,0.354631491544616,0.933745526774145
-0.020805090743252,0.008564388266746,-0.090735297443186,0.19761074387858,-0.068043785465343,0.095477837784386
0.335402136735343,-0.769472123718565,-0.557951554387526,0.404701171883589,0.436399252220747,-0.872198179326509
-0.25377560762509,-0.294828812349337,-0.688545595907498,-0.488963284694473,0.138832367061822,-1.04782414934039
0.420795658065391,-0.062468246175128,0.066285337915539,-0.092547418205557,0.535253044777993,2.11973317383136
-0.413380720148559,0.149566449183208,-0.359323283213097,0.454061468169353,-0.230939182589138,-0.880511506607554
-0.762939870168854,-0.351383145004449,-0.289657429261741,0.334254645195966,0.392923947902727,-2.54567828324949
0.031720353195328,-0.100776192684937,0.277975898521597,0.150229204949152,-0.072514908714498,-0.126679192114383
0.170231835179688,0.178354191332059,-0.299069750601318,0.180824568286357,-0.313829573601279,0.221575009380509
0.249707696645637,-0.121563591141515,-0.16890537947866,-0.514106314780179,0.044212397298814,-0.456159992864871
0.195684710629901,0.260596376784002,0.138248373103751,0.198926583370656,-0.613487760194922,-0.681300158619256
-0.35165487676554,-0.19120648117021,0.161918148525758,0.05180766041421,0.296490967078126,0.168546954647591
0.657279819822459,-0.397915814288552,-0.189097520190965,0.703263403231,0.185641898537985,0.886890686397733
0.568412327418556,0.445174040254041,0.032227310324916,0.342501586104285,-0.192552494683821,0.850303747893785
-0.027614346728407,0.156460469071218,0.179649917034797,-0.272103673034613,0.079392024621129,0.320126913482102
0.381147128057311,0.132305966004518,0.454240412038184,-0.515202728992105,-0.046258971443884,0.484640164098275
-0.051098784724853,-0.064433242758519,-0.418816258346064,-0.000341472296618,-0.606412328452424,-1.08798053353226
-0.076931084857657,-0.216137797233073,-0.273289000429759,0.102348370344275,-0.07688849016725,0.518224951111852
-0.242772001643257,0.315065441580983,0.265381444038468,0.653135085372026,-0.120413708347595,0.585635154080972
0.472419487956668,0.15714074233986,-0.01171709039144,0.029433558903405,0.542891606730278,-0.587072534102824
-0.32047423937861,-0.278367170483968,0.027321070967935,0.300026899642429,-0.180729592530668,-1.63053565666303
-0.655217529839044,0.023662702815101,-0.239587388088597,-0.435755163670457,-0.140667307968149,-0.277322329250884
-0.02879976159299,0.008409540749632,-0.025525944463129,-0.000660019600192,-0.001333250108528,0.159378574019089
-0.091064635750965,-0.747668648776103,0.22252207800933,0.718031741270175,0.059580138351187,-0.803942694055759
0.043685014223125,0.070599909671182,0.053015698362065,0.030922545135637,0.026372891148649,0.006003635086157
0.180578427543041,0.670113600193407,0.213776618701897,-0.291854514765529,-0.082373100495665,-0.853508917919643
-0.348223093009978,0.010845816320207,-0.336734995462178,-0.496589002288685,-0.219009841120571,0.027128549853262
-0.286019207088342,0.263838873320778,0.389766230233316,-0.124852326937495,-0.258813110507572,0.197771253036139
-0.164558894548618,-0.088545772294321,-0.185044878806223,-0.181090536392139,-0.120569751398949,-0.41300666766638
0.16259211576003,-0.048201036249845,0.028854123479544,-0.249875388227392,-0.400017354429567,0.413873370467699
-0.009709258214599,0.221608367999934,-0.121395887448212,-0.635052392710604,0.629795908710005,-0.551517874766149
-0.031969733404421,0.01197037837002,0.037104414712703,-0.142093858742444,-0.05114064649501,0.167036763201176
0.324613850293457,-0.605675466281302,0.191683664460425,-0.199432870630389,0.50333751514922,-1.39187420986569
0.050828956854067,-0.000596863644046,0.329658718430247,-0.067329655921697,-0.279329176604724,-0.359392101602408
-0.180023734238237,0.095104413609686,0.323209780585984,0.009835818068284,-0.099361998925104,0.210890597054213
0.34657885322478,0.25309325770682,0.26264162718826,0.235314405267235,0.317727678368467,1.12629254668882
0.118117229910954,0.111485299198499,-0.10850510071567,-0.011106758416851,-0.174784073082195,-0.21732389531756
0.011106757576082,0.219641844357576,-0.448185597354544,-0.11787465964152,-0.01249099918822,0.428072301554047
-0.190826934286928,-0.597629443294553,0.827544794441485,0.136842760269766,0.000648823806418,-0.034042932250869
-0.628270053284538,-0.647478218403452,-0.268392021117795,-0.447608366952307,-0.032340645511007,-4.46040616402779
0.411104795782632,0.315086561224814,-0.165723261791465,-0.334616962041013,-0.866823987147182,-0.749943568190235
0.019752361320856,0.237090354679058,-0.039910698617064,-0.4413260651024,0.575191245085989,-0.545957933766424
-0.311533910186304,0.535537477956796,0.768110096058112,0.513026146031439,0.312528125493546,1.46275211089903
0.093761351513241,0.064299630314226,0.018838447964347,0.057021778861887,-0.038883360185535,0.426570751004978
0.29594782136247,-0.11520546724916,0.160648200410952,-0.441993612657932,0.393940241499793,0.511560809431781
-0.064289005996144,-0.09031251042733,0.001699771022213,-0.025286917328956,0.022536838421722,-0.092167307895533
-0.122748604172972,-0.314130306312261,0.164717321106503,-0.258808961622523,-0.154888924291251,-0.34348838579759
0.742664369363056,-0.061623370408037,-0.152306963739306,-0.101844642553369,-0.339232367569824,0.14141706086223
0.042723770951016,-0.137026570406851,0.16786231728124,-0.302342838789564,-0.228145360460181,-0.090721305714106
-0.287617478324638,0.013775776514209,-0.486105743614171,0.040995357088514,-0.541130647883929,-0.600492485205253
-0.005119031436457,-0.01331780760823,0.021264829268066,-0.145235348343819,0.215351964148313,0.705505389862904
0.250145235353213,0.066755719577443,0.9788012344616,0.728999023900785,0.149029979479285,-1.21778046895867
0.132891971308028,-0.024531629756731,-0.092790092404071,-0.168057378827511,-0.442541006409549,0.309047810907348
0.037155145157856,0.554325928764824,0.190362595731297,0.82243255544658,-0.032282476169292,1.10548771468152
0.311665165378917,-0.118267925870681,-0.138015489289088,-0.043789562342086,0.203789331951241,-0.053670525875381
0.43584993336658,0.168734694375923,0.675809526481346,0.294856549356704,-0.136209119511667,1.42619869774657
0.143411836994625,-0.003538883677962,-0.07634546622628,0.001701927145751,-0.023077515234123,0.429265278088905
0.047196148875373,0.127687109987052,-0.016526290546514,0.162504752480538,0.071193474560669,0.771658021059042
-0.086534212749543,-0.102772257087358,-0.161704725372622,-0.426429097364978,-0.026585946176416,0.324906596891241
0.047598316885075,0.383024418939654,0.304932014345507,0.003739156605922,-0.214371823353425,1.37852881030955
0.311034479453148,0.58627726913954,0.784341412960496,0.952502216254577,-0.42140419224294,1.18966480549154
-0.188210266090306,-0.04882984924435,-0.234176433393643,-0.27185996575482,0.301790580379866,0.626034389144547
0.406977739014999,0.252612788825679,0.123958884878989,0.025566865107204,-0.060473438203429,-0.227089042817904
-0.220005779933806,-0.453475544497165,0.188090199546429,-0.169490915037048,0.18564604648862,-0.085325485869941
0.037125083281796,-0.003606970531101,-0.109076258868946,-0.04314733753825,0.113517759069995,0.09180973807802
0.435691634520335,0.160876219619737,-0.016213994864586,0.240588983867613,0.384217566820697,-0.295457213439935
0.137601121227532,-0.015992060379812,0.333267759891987,-0.110504350662915,0.149427615416001,0.081471846309612
-0.262910359450707,0.699859345824619,-0.140393227541941,-0.487483788447968,-0.158102102359943,1.2554930701614
0.212890204774518,0.127129525647744,0.310494890440607,-0.353598030802205,0.75326494988088,-0.122487947189327
0.160922922557432,0.009627455973096,0.024671012330578,-0.225114332762518,-0.079422025736115,0.494581804274556
0.647705217109607,-0.354098082791211,-0.069547631578012,0.183317454223832,0.496129105553591,-3.1344792953373
0.677863397890006,-0.427121029200234,-0.197674506842255,-0.053472357989202,0.14524501414806,0.616229952923288
0.085890257208769,-0.198625246111718,0.097531901476773,-0.061283866796868,0.022610907304222,-0.850384872888122
0.281348581573253,-0.109620417689776,0.461319963032724,-0.267241236151753,-0.848641982150535,-0.794183918456137
0.346475194258064,0.021860910252209,-0.438265815905877,0.229299605878881,-0.047088581122782,-1.76213794862156
-1.07119978457844,-0.838135668971758,-0.323667925584784,-0.701681246290589,-0.110883248082455,-1.84992506550251
0.433778049832998,0.213167189571712,-0.109738582914239,-0.161991780317295,-0.075219538894845,1.66464147949325
-0.328830652288479,-0.054029980822411,0.144055062919139,-0.251506646041082,-0.269769244784159,-1.2611695296373
-0.093780584063349,0.024214269976982,0.100336104024374,-0.095876196774803,-0.081803323065846,0.233872161288809
0.439633916209712,-0.248331940411765,0.420681951621621,0.452857443117598,0.251754595054908,1.19163378557062
0.178399346304979,-0.994562481901813,-0.0121002815625,-0.504626223345018,0.803009230844463,-0.402933215011075
-0.273641589916115,0.361496071908486,0.069663594777665,0.168827521399616,0.320020875863694,0.52440157770197
0.648824031060685,-0.35721203377148,-0.18941589748468,-0.181048036126782,0.402345029267971,0.154377528910461
-0.133323825919665,0.109595648874045,-0.051088429246676,-0.161624472321509,0.052151402459179,-0.147842300303846
-0.163896249364883,-0.039254748702545,-0.215247181790876,0.141277342327564,-0.055512629137395,-0.997222082778184
-0.439248227111891,-0.480295003060694,0.215870334146979,-0.845896126832799,-0.304509025944674,-1.17691893053533
0.082533708858783,-0.107152020871552,-0.082117741429738,-0.075076653488165,0.344465685860498,0.298049478684415
-0.350395974125021,0.275775009986678,-0.476054713500927,-0.101925213886796,-0.271288570873346,2.21100623745958
0.061823526306744,-0.348505783396744,0.062490506647346,-0.005028602141575,-0.084422620092024,0.827977130360503
0.012538674200742,0.071611804653388,0.021883125947548,-0.031747879588584,-0.013198571242626,-0.055264728250356
0.125718921304952,0.746096945885948,0.564463717199486,0.29626720231122,0.821518710683314,2.40920939155935
0.086812427474557,-0.256079658890918,-0.573558080363537,0.203443383807959,-0.170574864027157,-1.22027419942122
0.009671722835414,-0.173434211374049,-0.148883889032371,0.100648309279341,-0.176353353553627,-0.054049620115523
-0.185372314358898,0.428036464783999,0.242431108618774,0.025441446558962,0.464831252654163,0.503797503221838
-0.020775799355876,0.199070505741031,0.159324627891876,-0.11389955542014,0.086815236839786,0.625308337485372
0.119289898344965,0.201082015817904,-0.273480420825699,-0.103190647657753,-0.076603404326963,0.387769096463304
0.033853844413597,0.152748364792904,-0.015799756104889,-0.245863395155107,-0.161725153603651,0.035670791478272
-0.111730168444445,-0.059953336084321,-0.003468781979987,-0.02142289807244,0.071730390540668,0.264022157679002
0.203199678670958,-0.098803182486284,0.17440736547203,0.433251982277643,-0.060545880148675,-0.862183015123106
-0.07612897240112,0.146368567264644,-0.695377019316502,-0.029541631308508,-0.895848277680982,1.36700931209445
-0.058154264600742,-0.232250403090803,0.453013369537001,0.63444142520858,0.177620214783279,-1.55406900989557
0.029936087433053,-0.57592042214528,0.242372782822408,0.02003359631817,-0.262432861877522,-1.47543405143047
-0.195462773142294,-0.132306465896307,0.602317978754196,0.079284701039508,0.601304698451387,0.824098218532312
-0.609110419568582,-0.113556207999215,0.914116234729863,-0.455838064062268,0.394092267330143,0.135133356293132
-0.184692647443416,-0.52917554223526,-0.004228203067294,-0.08651407713444,-0.071885702805106,-0.126998243332586
0.318280481185339,0.389228678314869,-0.113318857771831,0.335147822957115,0.140067038029722,0.248811748642978
0.141378322559983,0.077727074718485,-0.212689065567205,-0.026302391352228,0.100073830865396,-0.115317769949136
-0.810946058466134,-0.400039984521691,-0.23231362635565,-0.239736544611009,0.008610818271141,-1.26851210546253
0.049747414031436,-0.141203919744062,-0.254913685896541,0.111111615985666,-0.403568945460431,-1.08417816572974
-0.332703070918991,-0.310036049936461,0.490866137039553,-0.259021197926095,-0.57737184514382,-0.512167570739183
-0.381088301446514,-0.029948397669581,-0.847525188719627,-0.55529220710013,0.335847335412012,-1.3402003283959
0.032714982862306,0.195867094470696,0.355833817676953,-0.039817031799046,0.104517506924635,0.183970241374439
-0.041023837807102,-0.109577314092022,0.012791387452083,0.085743480237069,-0.185156999432517,-0.255226720833471
0.073980499109825,-0.023918922344332,-0.091038388209437,0.10334466682227,-0.167995970520762,0.174744507859693
0.091412670073654,0.066443903249638,0.061981389138267,-0.00587883252319,-0.06531271720297,0.152371688571571
-0.201611443275322,-0.537639157040876,-0.247416251662025,-0.12614157970868,0.099486605481752,-0.011558550436499
0.111528936844013,0.071259169400455,-0.106451417484558,0.434104464833636,0.324307558709402,0.73547928437457
-0.54441266710358,0.624575629933295,0.495475376379966,1.03123132593478,0.115059182662079,-0.937265069190416
0.053599977385141,-0.086233105418452,0.022111622685182,-0.016536174382676,-0.025554495173292,-0.082528511606064
-0.01168414314377,0.013654833858511,-0.059501156840768,0.094471595181131,0.03225772306872,-0.031413760194225
0.027883977567528,-0.217292124182306,0.127069649709353,0.025065328601825,-0.275105817299983,-0.276053952523736
-0.359266758807099,-0.244116966836165,0.855957598604679,0.722008484394619,0.625972413290606,0.419573081738079
0.006952182522233,0.092777448634547,0.351158434584594,0.66714784958775,0.347875573482867,0.552166927536743
-0.531081746801251,0.286465870589961,-0.050643986806548,0.473578132864602,0.178728988132345,0.620913381164584
0.05218885719587,0.094516020299596,0.279577511471681,-0.111552960789979,0.08473468978697,-1.00493293850438
0.099968659342316,-0.006465313755176,-0.093249932581891,-0.064490369227946,-0.248300179119576,0.175548605244009
-0.12013273310338,0.162217069589246,-0.115606475996047,-0.454106905763475,0.186352279295757,1.17579544303254
-0.82324173187133,-0.187071016306072,-0.396331929279062,-0.545330966676413,-0.953305523521575,-0.98372518407137
-0.107377151240841,-0.047036527976901,0.017853219954566,-0.049850787502498,0.105066728678478,-0.134646528383272
-0.470211841727284,0.329160941516999,0.355563667262417,-0.212932169597325,0.099130564295239,0.771598139216266
0.092433008050147,-0.011552428998821,-0.089237060031719,-0.05106484586195,-0.038620142804919,0.200764213464443
-0.030408556508641,0.056037278990533,0.228564411751336,0.158609307375541,0.0112616894617,0.002176266475199
-2.51318305304678E-05,-0.049496097507016,0.105220963327306,0.047136207780891,-0.094163664948659,0.003563736058478
0.474372242804681,0.035316659798509,-0.038877753383992,-0.441613731245447,-0.208501236020058,0.20458521323557
0.046163224231688,-0.151137322525103,0.086901104652105,0.027437983028368,-0.053303766338746,-0.281402613274253
-0.84512721364021,0.455554738446821,-0.116539624783352,0.051542242926007,-0.449454721291783,1.16498335441003
-0.947382770601325,0.09765865990585,-0.182244747785879,3.38130593938801E-05,0.194993708396096,1.87853695507561
-0.264737735412254,-0.117516918130658,-0.308695883931185,-0.107804797137094,0.027284593626771,-0.429471307187934
-0.025665002375987,-0.1691895259859,0.148793689979892,-0.09144745018275,0.239949841502907,-0.413509860723727
-0.049658952954954,-0.331165219531888,0.156772309473785,-0.366435672659946,-0.00329105139587,-0.861183598136876
0.10311814195353,0.62213659210191,-0.062190455047463,0.531449576091085,0.210275819890773,1.50097896628563
-0.034533392792886,-0.045276976060939,-0.006268048967643,0.095490369491297,0.122628124869607,0.116932586801005
0.352910564006208,0.151163202339974,0.346630039076897,0.122101433832368,0.195292595983816,1.67054337411001
0.618713888594352,-0.103201456424507,0.74918460841083,0.482531867412842,0.064505497938356,-0.173349966926017
0.357815491082635,0.753039219880657,0.214127007913916,0.253431937116697,-0.130066836618091,2.82525923985728
-0.093681424432735,0.248258251302247,-0.228879198105318,-0.425245488063296,0.073272030964512,0.16291217938597
-0.358005690453478,0.029625518565266,-0.225750825812443,-0.116959418533072,-0.368706851644023,-0.187498155994813
0.021231804029668,0.437284081232172,1.08329322978257,0.628070270351329,-0.133238380668745,1.39949516136793
-0.086442606554668,-0.87003103243735,-0.275799278060988,-0.522885278108739,-0.619506998371167,-1.89989501877059
-0.190600296303543,-0.105207534131212,-0.032161981021374,0.071540981489276,-0.006218155567418,-0.72622981431483
-0.076288445504398,0.00581882577584,-0.328648440935802,-0.350328408261232,0.058918263077321,-0.255659973128913
0.02423281511612,-0.151986415567173,0.325068217145677,0.091249088213516,0.079662517169232,-0.572084323134215
0.486662087015664,0.067769719841493,0.056995673303131,-0.497974306743533,-1.09003817816074,0.87868550697385
0.402482310826707,0.523701256238728,-0.175325781640719,-0.290254729782544,-0.357850219221998,1.29608433791525
0.093941234019532,-0.252283606488564,-0.432224854115156,0.040206885599348,0.725608338372894,0.694656879317176
-0.12111589402222,-0.026588928489617,0.069762490737064,-0.031298271511255,-0.123645706972066,-0.039279794130425
-0.121502018907199,0.073646801614442,-0.185319336874032,-0.103508135837426,0.333216830520941,1.64559559667895
-0.002894160272235,-0.124340774740366,0.208988142410456,-0.350724664150389,-0.214011938139475,0.847250010129336
-0.578049314584345,-0.307710240544414,-0.11675503531721,-0.261593243281836,-0.388258066297881,-0.787794174881477
-1.14738922291256,-0.870693845676621,-0.036000000478033,-0.38628827846309,-0.518162948860214,-0.128567226915658
0.272472744924767,0.475578046821422,-0.168086524936737,0.132764258295428,-0.229866461164474,1.72715306372383
0.593892950107665,-0.143708668342128,-0.559626030218795,0.009734366689457,-0.067654021866626,1.54990358129315
-0.289959313038232,0.23834897299647,0.564348917736169,0.626329841529376,0.01604131620952,-1.75054850704861
0.007813093436092,-0.426500965849768,0.284168543458953,-0.008308048172956,0.001814529146425,-1.02774629872816
-0.152365414283009,-0.371581863314205,0.435755772312491,0.244842360994154,0.854213938972983,-0.171190042292559
-0.184934718126237,0.05332137228678,0.257192289916339,-0.047610216520717,0.774518913100997,0.432837453432161
0.402284878211045,-0.07110309322159,0.029952678556923,0.010092310688835,0.29768741178747,-0.045021653612578
-0.007147209930433,-0.283779969379222,0.094664033491857,-0.053937357646577,0.086978683667683,-0.495333975953256
0.154779579997398,-0.181878000558972,-0.062827957351952,0.383229975051351,-0.04113637651083,-0.72398401638381
-0.099533157929945,0.033682535072981,-0.07412546622262,0.10310584322885,-0.065969559780715,0.095545910437722
-0.23589721895041,-0.45575348847641,-0.130698748440922,-0.315209990963457,0.169439912542583,-1.49007553290027
0.344610794017545,-0.006667560432977,0.253867612313592,0.389424817326115,-0.411972052507171,0.28751644498207
0.422880465613638,-0.078593861191158,0.314898369060768,0.021807666874948,0.02594379592362,-0.425137061827497
0.099621019183225,-0.154401463435174,0.129727384699063,-0.697725425895296,-0.148521538885012,-0.114023743634562
0.102290590936278,0.081501996089054,0.226139783517859,0.207582781324363,0.376940550603594,0.507285266868761
0.004703409289605,0.055989766576787,0.037258402457336,0.164561585144335,0.00877561342196,-0.328087410043476
-0.589899748031051,-0.098143427518743,-0.024815574852793,-0.291118499219027,0.335422572096691,-1.01485579504455
-0.00826284302129,0.092627025880605,0.040114696516446,0.027748828742029,0.088972946352423,0.313656441843178
1.06955481955488,0.385555120402511,0.657628680631393,0.16837722596386,1.16200032610075,0.472963747260047
-0.371627048258602,-0.125667012885053,-0.06360280819725,0.152141161277676,-0.263690595243381,-1.105176033074
-0.000375190930645,-0.394952886962126,-0.41454362552776,0.045000805435401,-0.306497772834639,0.516668234921978
-0.159945461414093,0.131116235729362,0.688746448761822,0.23874548988006,0.187318275884527,0.931358350678833
0.154537008576817,-0.017457135739582,0.043967907660172,0.336281292767096,0.039817856091258,0.510085242264855
0.0140755406034,-0.070778213822643,-0.083685762691112,-0.234953998399678,-0.229532609967881,-0.223503908815117
-0.520050041931073,0.079911690529887,-0.013896414328638,0.229558588062194,-0.144534289364329,-2.19397620069447
-0.143099841007276,0.219493892154198,-0.422556715294465,-0.049941489120352,0.828744415044923,0.662429276245682
-0.031175202638651,-0.02338031836722,-0.000279855500247,-0.140874026910808,0.029859828790314,0.049056456683116
0.611425052428012,-0.290228404644045,0.333241592351838,-0.010001729186531,-0.223430103608438,2.04618854556707
-0.149154059797458,-0.251091610067858,0.408918289177296,-0.474277200632933,-0.273389119481389,-0.548820036084392
0.273803409308733,0.483806552214368,-0.501311864477552,0.143188792637029,0.097216504660093,1.05695374390086
0.432066249763889,0.243997695452414,-0.760408948579468,-0.426694394092572,-0.451713778066382,1.16240614301413
-0.354344283340831,0.093785605088314,0.251435052085591,0.274845153726961,-0.160257703237509,-0.925018318630146
0.158980795578191,-0.004510842412526,-0.224153828538226,0.144055142594294,0.054705089929588,-0.523687788638201
-0.30651015743532,0.113041201448902,0.158372418876765,0.466675297054754,0.144302747287325,1.07391197066464
0.090484236502474,-0.153279905655995,0.022991416576635,0.210531258114848,-0.040952654481308,-0.115033440793532
-0.087950332086822,0.397961086670781,0.757115657114444,-0.030780160988144,0.324596520184579,0.305673668897553
-0.016462170844886,0.547614915588026,0.466264840595858,0.287099582295592,0.143229621756924,0.326771303546478
0.506131972144409,0.270665531190608,0.13894778049546,-0.127684604031472,0.181310332918631,1.23769960485616
-0.178312416245535,0.209800270701564,-0.058746826530775,0.099033960471245,0.210869738640744,0.033282130060409
-0.318285056211789,0.702707827833357,-0.440370200449581,0.134107745996319,-0.203698574521871,2.09652043890309
0.106341121898862,0.34989970649264,-0.645699354785905,0.105918535378789,0.144716860078035,0.791118543414016
-1.11779747311544,-0.412162070662443,-0.044405866895223,-0.605793965063255,0.076047467982002,-0.894428738420737
0.127686984973177,-0.197302352319714,-0.022439797144987,0.212175057064,0.107823396378738,0.077003949192711
0.479203195986879,0.019283028108793,0.144718672589649,0.31839284672445,0.052116710348084,1.05387719112262
-0.010057242034045,0.047106557758983,0.006346230287499,0.075194622658072,-0.212527735869775,0.497240338829316
-0.220838269631991,0.094702516603222,-0.166097676157963,0.279672967398496,0.758182724589702,2.69312371579146
0.239198311007781,-0.085151488027149,-0.589822987439202,0.073928555386232,0.110566055705624,-0.453423546255533
-0.051891799974115,0.086454377581611,-0.03625421677424,0.211113966582837,-0.062342309887915,0.808162105318254
-0.247190113740822,0.082174120692489,-0.417477045175723,-0.263999226278801,-0.441230568859771,0.954003997634439
-0.287648832879461,-0.113013171844514,0.250117271592268,-0.008400745482245,-0.051260624785814,-0.307792937372371
-0.26941874856701,0.187153631697597,0.06843857390815,-0.269984313429541,0.088611573808771,0.415451911154978
-0.009142376094686,0.061260201308383,-0.252767256608079,0.307697299426086,-0.178798955834546,-0.184351788390748
-0.005475958790002,-0.092504074263451,0.246450187681581,-0.073695030233105,0.032553498602699,0.440113312225752
0.151762351454579,-0.15179328980639,-0.320424355372395,-0.508824644301783,-0.152392413236355,-1.31970524187929
0.041922181980628,0.130766240611202,-0.501081179735787,0.082359068095883,-0.419760495847528,0.202380383225005
-0.004643292409814,-0.157400444281645,-0.127748949614007,-0.124253066506057,-0.022860357716479,-0.801792796157767
0.361314534049234,0.074263001980115,0.394456101293849,-0.000196637713686,-0.224485207801159,0.556051214738398
0.560500681092026,0.522843774856293,0.452334222617436,0.118368082576122,-0.229708186875059,0.91092080169507
-0.04781067502579,0.108847472248955,0.052223624930347,0.120062575992348,0.163076954881615,0.486645724168852
0.268275975635688,0.393707554165058,0.591615683899842,0.359208415967128,0.074563329873967,1.48392075721627
-0.478111610345814,0.079254108309611,-0.033328342656662,-0.383208338239051,-0.038268726566058,-0.209847016393181
-0.600502704865661,-0.20184828673046,-0.652290572595585,-0.513152520349788,-0.581400009259538,-1.07098869879038
-0.266304191512425,-0.795647472875767,-0.558876449581568,0.335335429805687,0.044188537601866,-0.333463303028479
-0.465187080865075,0.036579613191972,-0.440458968593993,0.405881223443705,0.030445843939511,1.11242059183885
0.142439098904605,-0.234138226377688,0.116329708083968,-0.03899448495426,-0.096495550111442,-0.395379381668408
-0.054859888303007,-0.284009992137393,-0.499160125020915,-0.137496873915271,-0.502449702302153,-2.08440485153199
-0.023053724815474,0.000897101618531,-0.084649717840519,-0.016598269850094,-0.070213817493151,-0.035080742243045
0.312930025400466,-0.624570140631146,-0.317828414008063,-0.155047197964796,-0.33699103787802,-1.51201411050856
-0.3578035392428,0.108535936989506,0.093478663085337,0.15996746129438,0.597897830509521,1.41757488765835
-0.356716816827552,-0.412319768608334,-0.555282929227444,0.566527653974777,0.11547229335531,-1.49493988066037
0.159346280471661,0.213967019908286,-0.15582595922562,0.713344756247406,-0.115284346057957,-1.95622089397629
-0.162454838513902,-0.587524714819901,-0.135936485611624,-1.15278730607261,-0.367464721173934,-1.80324148660526
0.161806162857988,-0.904565426332445,-0.310656474892248,-0.912948787173387,-0.268943410396875,-0.818747390875213
0.177591044782627,-0.465166842968902,0.335367725851848,-0.092684240543245,0.428143329074787,-0.504508929733515
0.229841036473448,0.5736731080205,-0.126100860213111,-0.148549293593464,-0.175315683501325,-0.071358487703304
1.17882264470856,-0.144348453324589,-0.256010321451458,0.7321223261118,0.210897692302145,2.14960285291176
0.0186870047929,0.023360189455416,0.001047591032384,-0.011957759455299,0.07041907369208,-0.19183675430643
0.283754596936635,0.14690127251215,0.229357513401059,-0.575823874860015,0.267754608981201,0.935023765298825
-0.04187177204407,-0.053456633812317,-0.105904437956077,0.036103031213802,0.067152266439979,-0.198544161981269
0.341069794093271,-0.357918356955841,0.353444615976517,-0.067000818864809,-0.31567568520116,-0.398047776443346
-0.376383434017333,-0.145876246073114,-0.176309630001937,-0.354424622738214,-0.271427531258593,-0.370488069416244
-0.063075352518268,0.009585104532648,0.052523530636974,-0.0114340584768,0.038843142221285,0.092846630766237
0.101537805341166,0.124224962044561,-0.0855885004692,0.042243329692872,0.086126073948393,0.210642115584658
0.049663165847671,-0.175991042432521,0.045013790416144,0.085550133644966,0.019216420757638,-0.356523546393106
-0.093052928318029,-0.791581645368149,-0.053872645831348,-0.053421026350385,-0.036244001365012,-2.00629382794862
-0.089137555897156,-0.001723778959617,0.068104453089719,-0.011253525892451,0.307276437650989,0.377604679896729
-0.144112800152873,-0.090619378302952,0.177692149016093,-0.046354029376329,0.119318661436474,-0.603622905255687
-0.344351634680095,-0.162181743269413,0.223591633341227,0.198161233410566,0.621163229871965,0.263382693425494
-0.055699015544233,0.010859411929858,0.231202027066138,0.486733402721262,0.467019984981992,0.109713828887999
-0.238475682491507,0.206709374494935,0.279770713816481,0.048978643835404,0.162290612753429,0.928851743926859
0.031685310628635,0.007215325968501,0.100159334067353,0.082010512465412,0.101377497619336,-0.027833600441428
0.106829630989118,0.031728239000442,-0.066941296378797,0.333377106384447,-0.073489599729202,-0.57860601996288
-0.14329805170879,0.046185630480594,-0.221211316400809,0.860903301526854,-0.678261089987605,0.50610029169327
-0.234548048619738,-0.329866010502599,-0.261401295725951,-0.512912657674534,-0.96004571878861,-2.30424826902471
0.364963204375482,-0.134084977636905,0.262009391755977,-0.163716829092127,0.033517887321503,0.96227863607817
0.071827039923626,0.21270359037765,-0.058543031891816,0.18168401050958,-0.089073236503881,0.842470972350167
-0.021261785359944,-0.029796779889821,0.007891172357561,0.022266748244006,-0.056618446878645,0.161652152003389
0.396000901868623,-0.284481035095759,-0.115727744277551,-0.068566899745672,-0.058001172549354,-1.11821568274988
0.394248160350149,-0.070463692087967,0.574924264745394,0.020826753498092,0.434232247662166,-1.07299284429367
-0.334550204061356,-0.023546315501541,0.168961431095567,0.093618750645956,0.10697654989049,0.716390123752922
-0.583023635499207,-0.95351559863918,0.333719644365881,-0.345776304753271,0.152943390441092,-1.32468868352395
-0.052185955608761,-0.024057108733827,0.00327986086044,0.049660794922144,-0.017584815504426,-0.971756539393122
0.099436505756682,0.141827428286777,0.293658900888274,-0.025521364561714,0.212242101716881,0.485506034557362
0.140583006604797,-0.783435964677511,-0.03529634962818,-0.652990348845113,-0.148692336056808,-1.53407037928374
-0.076151689224856,0.184872890281984,-0.315486058794321,-0.267883279785035,-0.485020861984383,-0.488249717865752
0.002621562817464,-0.219588986230483,0.140310130880525,-0.28171688447483,0.056098445054106,-1.49510682684692
-0.234422536801073,-0.465485193663377,-0.473084231771659,-0.221066199141469,-0.566280652659375,-1.70547503074079
0.0353227325443,-0.124606104111339,-0.148650347054891,0.046634977405809,-0.298750251374699,0.289535004992931
-0.31351446442478,0.052693911799959,-0.412897665252527,-0.376018933924049,0.349833757119785,0.995180974902377
0.333313318399039,0.033301275024118,0.32223187071304,0.722813621570721,0.671993919153659,0.434501496121554
0.47336284586956,-0.285606088545004,-0.058547137484911,-0.033706407992591,-0.391858922732422,-0.695171405541659
-0.066802510316429,0.136969687400826,-0.173100552351053,0.159293672458588,0.008369123642901,0.600387390414201
0.096617938308007,0.03791748224085,-0.006492319631044,-0.011995749964431,0.021010973054983,-0.191882501573327
0.40053776821391,0.36825089213417,0.250494733639663,0.272880037402597,0.185888201315028,0.429138830282292
-0.077419596391109,0.15651273984053,-0.662876661113015,-0.399415580652089,0.367934985149426,1.22570236380622
-0.020891767180508,-0.207581753681688,0.098614549106101,0.022666102143467,-0.079861541653324,-0.238783274493715
-0.121189990309782,0.555185456398176,-0.182321580379579,0.446734428918783,-0.05446928844143,0.6309780213204
-0.03922539708056,0.01468488616321,0.007230460308168,0.011490963496212,-0.001912321534484,0.098813652291824
-0.220750505066273,-0.112416773255644,-0.369303096800873,0.178629638709011,-0.064152166153941,0.739432683151281
0.177383050322135,0.874358723637296,-0.374209063255565,0.374132257379147,0.086570185858775,1.49222886538857
-0.019697475041429,-0.146496093864749,-0.053770708173998,-0.683574090726445,-0.259345565230982,-0.107617092289333
-0.220774697745176,0.313456803004201,0.634975276200822,0.055800556287737,-0.007761365065052,0.446867434478247
-0.055596613126444,-0.072013606449608,-0.087918132893378,-0.066653327307194,-0.12473447652735,-0.049429891362083
0.200406745705438,-0.072777018643819,0.077125091617797,0.072551294506918,-0.18161660535613,-0.866630114403023
-0.206641159690225,-0.020274912567412,0.100457906192428,-0.337328452343619,-0.096490665925793,0.281609531686167
0.459683293919168,-0.041276268392942,-0.01987353056105,-0.423937671641279,0.264301483228047,-1.49042064398639
0.010661300973815,-0.05849332334774,0.216507825353755,0.062187795589644,-0.096648672039154,-0.94239201923561
0.22273727838949,-0.253413850048133,-0.049403412853774,-0.097073528386927,-0.20893158881614,-0.702553692852136
-0.036877718494321,-0.369436544844201,0.120834970683733,0.175163277787171,0.111840234710937,0.057620776449514
0.042778271888302,-0.114299452287038,-0.05221831929607,-0.016384290725063,-0.083542946547386,0.55238036730372
-0.528528000377735,-0.326131814230267,-0.437628311949696,-0.399757264914568,-0.487408639539012,-2.11728477656996
-0.087890596560154,0.233267426757914,-0.235544076846807,0.375912615566717,0.24205284826541,0.28164838346896
-0.098265862750669,-0.222401573664714,-0.106213142991579,0.16155588227689,-0.647156552777875,-0.292521011938045
-0.05696124809724,-0.024377729884393,-0.246068410900758,-0.076682464351428,0.177867273581744,1.0112530837722
0.381383973739014,0.19030930407254,0.355482771087112,0.807059389094315,0.445582541448284,-0.063734309455579
0.111497651521349,-0.019857159439119,-0.224707684940984,-0.147436794293187,0.294167900093776,0.846469903689835
0.264910827556607,0.347855493333431,0.518629271007349,0.203548325816709,-0.142464741970382,1.20251695523118
0.447533363209973,-0.595867453083084,0.256707695429825,0.183398380062335,-0.245712452321341,-0.268220317801755
0.023166045878762,-0.084509269186513,0.894433034308226,0.439527268618245,0.126045538326849,0.56542820634068
0.118566750901074,0.078162132060128,0.218930288014774,-0.015614983382908,0.199935289122846,-0.04148355322117
0.121502142422997,0.192720257490726,0.049888846084848,0.113609726278015,0.079016798252464,0.511352376478999
-0.119097051472799,-0.055719067082297,0.185915936833856,0.229985087675707,0.079230826430338,0.4737071786104
-0.063509466296476,-0.538850508667667,-0.122619238519539,-0.197770577984903,-0.128372953406008,-1.47536517141337
-0.464283542271262,0.34973924776234,-0.080542231886336,0.223943092489677,0.132984559039404,0.146747643757375
-0.475580121437364,-0.137415394308477,0.029180940620453,0.526750509870072,0.234497034951241,-0.848541393355815
-0.113105881921624,-0.374261190333846,-0.543227981763568,0.617316225990679,0.027748039756701,-1.5869487977947
-0.407410177696651,0.198563197495164,0.097032613672121,0.124426890419944,0.086081707840004,0.318460659476062
-0.444996128704898,-0.289638452656521,0.147906596647612,-0.058944541297938,-0.036545923346555,0.292450711091415
-0.501526640485818,0.904362623225745,0.275905449412412,0.046411974477177,-0.094575057419035,-1.54863795451369
0.406533684459549,0.217353668364102,0.188211304890853,0.192506246801152,-0.003108846882238,1.38517090929474
0.099461773450054,0.085856428137319,0.036401153707295,0.123076869179766,0.02986009128472,0.10668910684012
-0.1420846965814,-0.268817825709181,-0.227657178606501,0.35555957704252,0.427727385736075,1.63041828633158
-0.108875994820711,0.102779586829871,-0.061178962620968,0.411140154274721,-0.037579707980334,-1.78166188072699
-0.00689758052284,-0.07905396215449,0.008539512841158,-0.037264906092277,-0.161842775448368,-0.891984315287097
-0.382992032686822,-0.302734073993013,0.672620926402473,0.023806355972377,-0.002496769450462,-0.186894875541997
-0.234855262040863,0.139299664863033,0.128743845925401,-0.151346625973363,-0.17712200562104,-0.692996558412468
0.543185587785613,-0.224669444614333,0.241465925584656,-0.113482747131356,-0.532562592691039,-0.615917767365346
0.027603623119541,0.03441760882271,0.069131164637158,0.04459896234103,0.079460279169439,0.131326513655625
-0.296355783473338,-0.407509030860064,0.801831169316725,-0.430079260611498,0.403904185122997,1.32948131590336
0.002021646854409,-0.010737370464096,-0.623882844945643,0.268411465714257,0.049860723734836,-0.840519480348404
0.287508910539989,0.289638577631849,0.290928312949268,0.0691404866221,0.268531375611928,0.85479421096794
-0.260071314072656,0.12890816493202,0.173456922829816,0.43582952915347,0.270304488157354,1.35652529255014
0.08997117165665,-0.19090329409501,0.012638878335261,-0.18546720138635,-0.006062105677849,-0.139235818414955
-0.134707021209328,-0.107974722432474,-0.321763816724436,-0.214313076619993,0.161207708728465,0.048619961547725
-0.365320460789817,0.228454534349307,0.231562803604521,-0.231910947852465,-1.10326349396683,-0.976360758152342
0.150776112973254,0.335501421847611,0.16535101244887,0.43187715273538,-1.25432874199414,-0.421076989580556
-0.633529031527958,0.053558181182045,-0.393528262291869,-0.129599235257245,0.041702785926508,1.53725825159575
-0.391399518589478,-0.469742169613202,0.932825444192321,0.873244682596314,0.85202065504184,-0.636591189374085
0.014828753480668,-0.073653994159198,0.36150306395141,0.111034853582088,0.202932896396196,0.376824843200051
0.263034697029144,0.100498243561553,0.119757867581851,0.255607304589577,0.549645290481949,1.56310484756555
-0.093351629413154,0.06569255280473,0.128078370041883,-0.276610367676834,-0.090561728909596,-0.059761953785946
-0.879249750859482,-0.184879578527246,-0.202293677664789,-0.341831491482357,-0.377955316541177,-0.65093158419885
-0.239382153955105,-0.497538157890158,-0.145010390090966,0.71178907211639,-0.729362092800208,-1.11523716129845
-0.048526482248453,0.268144119264723,-0.105077460541332,0.075157768505965,-0.016089885306035,0.359058676048924
-0.385933702098003,-0.294539706819883,0.112652831671934,0.491945502039271,0.163285031294259,-0.907837557062475
-0.845770153711912,-0.377640614808484,-0.351947989281024,0.336063845391607,0.216511988841568,0.773890774631708
0.55843062568001,0.382672125303044,-0.151644985911888,-0.514561967660049,-0.353268130133181,-0.489178189098401
-0.042317516598776,0.073516608135925,0.317887177027964,-0.231123192696265,0.104660607324766,0.401305514138117
-0.438562804962299,0.599334054288619,-0.767892095097878,0.215783908547486,0.451530675544531,1.4811272504625
-0.047355715862464,0.194789791727673,0.056996554297843,0.540159555696932,-0.380517602914015,0.572958936398181
-0.401647661918542,-0.096527096858597,-0.214660028877136,-0.031994369953432,-0.287969379399665,-1.05923588672831
-0.021282427242491,0.000328718644216,-0.091783915711921,-0.031331835595959,-0.036492043839935,0.223638605756068
0.120585119557494,-0.01913356876491,-0.060144853309951,0.089802576259108,0.109606166827931,-0.442710327728941
0.251893108318864,-0.119298978297226,-0.175190785952027,0.256859868270815,0.362650780310421,1.28752159329721
-0.10432061433012,-0.065892619500275,0.066212586419097,-0.72522133164031,-0.158470824936451,-0.54004636396732
-0.179361976393536,-0.520293246092558,0.078027514244607,0.335334035792696,-0.263129421432938,-0.528297762182344
-0.042770435345422,0.02928926455558,-0.059469706833476,-0.107215610117306,-0.055452952082542,0.022071325428044
0.016675459893455,0.266052121882512,0.043390643458538,0.288009123471604,-0.097857321563519,0.499965857447202
-0.094432041784929,-0.189383406406743,0.472322173904815,0.201919400049821,0.222810072649424,-0.150163183000631
0.052440207648153,-0.354336524268053,-0.110676749857198,0.192277632098255,0.472834051048152,1.18307006239865
-0.006982833112016,-0.027389120839439,-0.029779437064494,-0.019655677597248,0.036045158393935,0.145852584342687
0.392197186897161,-0.047298101051804,0.277133057333349,0.343157612385624,0.193053982003747,-0.013389632003721
0.473652670259809,-0.344043010203278,-0.305756823969495,-0.569416902181488,-0.740776911866563,-1.09679904292532
-0.291265297083173,0.020955647530827,-0.151493894316251,0.093481929888757,-0.187022117098548,-0.147878189601699
-0.189208475965753,-0.184763763188457,-0.363885053316313,0.034123559770499,-0.129722088114099,-0.816111526258506
-0.170395796357671,0.171253423343255,0.249692875584833,0.062350730725775,0.00990395487045,-0.042374647272511
0.07990079794802,-0.023056986716938,0.155022026841976,0.007181986336852,0.115834274233384,-0.256576638412014
-0.506599646782495,-0.402305742399073,-0.228923181616096,-0.126631523931748,-0.005155842701051,0.124636591215069
-0.009121448366959,0.393251365994732,1.61750393508465,-0.038855029874773,0.523045136848463,0.577630810466858
-0.563815306980664,0.58060540271967,-0.5866313481726,0.411511859338974,0.214282241331724,0.89444026034453
-0.062249153714662,-0.296299954427112,-0.041915853160429,0.30644395369919,-0.386032977570263,-0.334530080816587
0.103693197937612,-0.204218793798946,0.134380049130656,0.093506994888014,-0.095564726101384,-0.475194982124714
-0.315565868243031,-0.092025075683783,-0.141108652135681,0.148922853791182,0.616312041297244,-1.10180838456429
